task,participant_index,alpha_mean,beta_mean,gamma_mean,beta_restored_mean,feedback,frame,time_pressure
FullcrossNoTimelimited,1,0.3266713972915853,-0.06834188731079377,0.4078794887633239,-0.20920682948495836,Full,Reject,NoTP
FullcrossNoTimelimited,2,0.48574395426048905,0.024507661160845587,0.319461372753337,0.050453867610471395,Full,Reject,NoTP
FullcrossNoTimelimited,3,0.43617392668710886,-0.08642239314055117,0.32451788191760234,-0.19813745813959813,Full,Reject,NoTP
FullcrossNoTimelimited,4,0.4625010177405107,0.15239601013256351,1.6686046748228411,0.32950416169260477,Full,Reject,NoTP
FullcrossNoTimelimited,5,0.4905538184066415,0.021190347888413525,0.1780386707633664,0.04319678513000162,Full,Reject,NoTP
FullcrossNoTimelimited,6,0.5187900144916618,0.0055631035828031415,0.3277731076710108,0.010723227948506617,Full,Reject,NoTP
FullcrossNoTimelimited,7,0.44440738906790095,0.11539778670130667,-0.2069065004741474,0.2596666696819369,Full,Reject,NoTP
FullcrossNoTimelimited,8,0.44853989586807413,0.002159417620480852,0.02585042726837588,0.004814326753034219,Full,Reject,NoTP
FullcrossNoTimelimited,9,0.48661428045092403,0.0049396346798033074,-0.13933732039488922,0.010151026959640324,Full,Reject,NoTP
FullcrossNoTimelimited,10,0.46731352020566685,0.03460840896726111,0.09220464388400867,0.07405822316467495,Full,Reject,NoTP
FullcrossNoTimelimited,11,0.4505602851708,0.057169778735688466,-0.7622799750239514,0.12688596979650868,Full,Reject,NoTP
FullcrossNoTimelimited,12,0.42499057470989,0.0034851958250328298,0.17634393597715473,0.00820064263169111,Full,Reject,NoTP
FullcrossNoTimelimited,13,0.3694641156489624,-0.09341669251078656,0.17726257417622085,-0.25284375005323717,Full,Reject,NoTP
FullcrossNoTimelimited,14,0.4634612521251594,-0.0375593701119771,-0.5186959153080885,-0.08104101462582261,Full,Reject,NoTP
FullcrossNoTimelimited,15,0.4901006375752616,0.09789291060182591,-0.07054191154841874,0.19974042695831654,Full,Reject,NoTP
FullcrossNoTimelimited,16,0.4384811447434105,-0.02162325730176632,0.16637059005791352,-0.049313995735027046,Full,Reject,NoTP
FullcrossNoTimelimited,17,0.40483777336286836,-0.0034924768933598744,0.0322978422075502,-0.008626855306383335,Full,Reject,NoTP
FullcrossNoTimelimited,18,0.3859697971191859,-0.008980319336130912,0.5693099468934214,-0.02326689653739364,Full,Reject,NoTP
FullcrossNoTimelimited,19,0.42537640406918903,-0.015324741323528462,0.2574810478724431,-0.03602630794028678,Full,Reject,NoTP
FullcrossNoTimelimited,20,0.48682332225436536,0.005916832044417161,-0.054213263964382696,0.012153961763823662,Full,Reject,NoTP
FullcrossNoTimelimited,21,0.4223250063466561,0.05407632377761143,0.021294783161642877,0.12804433307277116,Full,Reject,NoTP
FullcrossNoTimelimited,22,0.5652497164991404,0.08585193783117778,-0.7834898208209732,0.1518832036978268,Full,Reject,NoTP
FullcrossNoTimelimited,23,0.464731070520002,0.04813273251709294,-0.12773183503726285,0.10357115237256621,Full,Reject,NoTP
FullcrossNoTimelimited,24,0.4113154133737668,0.12754966235815174,0.5562532879016553,0.31010182991184426,Full,Reject,NoTP
FullcrossNoTimelimited,25,0.504728657625094,0.02849970737067618,-0.6875532649815175,0.05646540361860213,Full,Reject,NoTP
FullcrossNoTimelimited,26,0.3653163540145758,0.01674770073659641,-0.672440669331562,0.045844377215940875,Full,Reject,NoTP
FullcrossNoTimelimited,27,0.23749237730150158,-0.04610056231186048,0.1849451950617193,-0.19411386098230363,Full,Reject,NoTP
FullcrossNoTimelimited,28,0.47624913213723313,0.010388921891539116,0.08973048493904023,0.02181404897247247,Full,Reject,NoTP
FullcrossNoTimelimited,29,0.4867678353489947,0.07066784745827029,0.017312420544132765,0.14517772606648102,Full,Reject,NoTP
FullcrossNoTimelimited,30,0.4713679777293162,0.08154109396343641,-0.9348061462137474,0.1729881914258111,Full,Reject,NoTP
FullcrossNoTimelimited,31,0.41827724233577246,0.013277477787891998,0.16727644283529874,0.031743246928154625,Full,Reject,NoTP
FullcrossNoTimelimited,32,0.5077416030725636,-0.033112183968361866,-0.05477344647949247,-0.06521463627952831,Full,Reject,NoTP
FullcrossNoTimelimited,33,0.4573085566503774,0.047124896182303005,-0.4400612019602846,0.10304835870003422,Full,Reject,NoTP
FullcrossNoTimelimited,34,0.4885471730098042,-0.01907541766877663,-0.355944624816369,-0.039045190971545796,Full,Reject,NoTP
FullcrossNoTimelimited,35,0.360931849982451,-0.03244148024735016,-0.05326795097533095,-0.08988256439249546,Full,Reject,NoTP
FullcrossNoTimelimited,36,0.49253602930125095,0.0936825263884986,-0.05200064313696834,0.19020441310944045,Full,Reject,NoTP
FullcrossNoTimelimited,37,0.44205698960600703,0.005456583062841841,-1.4014391315707844,0.012343619015514585,Full,Reject,NoTP
FullcrossNoTimelimited,38,0.47275445886109996,-0.00404154890705254,-0.13719727214451272,-0.0085489387382806,Full,Reject,NoTP
FullcrossNoTimelimited,39,0.4333959982701442,0.07664474965328462,0.021397846757050948,0.17684692511976183,Full,Reject,NoTP
FullcrossNoTimelimited,40,0.495672030038531,0.02313924122817866,-0.28487678816329,0.046682563925142063,Full,Reject,NoTP
FullcrossNoTimelimited,41,0.4745970720029948,-0.01545366408236608,0.3184420251886372,-0.03256165070118377,Full,Reject,NoTP
FullcrossNoTimelimited,42,0.48538991279525634,0.04520702623232408,-0.5185810574750239,0.09313548765771938,Full,Reject,NoTP
FullcrossNoTimelimited,43,0.45803851402159224,0.058516933862160767,0.1684475344435685,0.12775548795750882,Full,Reject,NoTP
FullcrossNoTimelimited,44,0.47245970878538684,-0.12608564562892727,0.4652135733414909,-0.26687068396387054,Full,Reject,NoTP
FullcrossNoTimelimited,45,0.3931093381677047,0.020022259183551282,0.023217758158698622,0.050933054088401146,Full,Reject,NoTP
FullcrossNoTimelimited,46,0.4749460135631438,0.010092710652496884,-0.12211883046762859,0.021250227108507068,Full,Reject,NoTP
FullcrossNoTimelimited,47,0.419191131660001,0.02427407145572952,-0.4353502740886624,0.057906929852270396,Full,Reject,NoTP
FullcrossNoTimelimited,48,0.46782849247980735,0.07144215575076027,0.4063744141985246,0.15271014249702605,Full,Reject,NoTP
FullcrossNoTimelimited,49,0.41040656881918003,-0.030979070760824276,-0.3554149653036271,-0.07548385702002071,Full,Reject,NoTP
FullcrossNoTimelimited,50,0.468514225093438,0.04175417739645553,0.08814752889998144,0.08912040480335107,Full,Reject,NoTP
FullcrossNoTimelimited,51,0.4451751603171012,-0.039081350102684834,0.40770908845863174,-0.0877887033832861,Full,Reject,NoTP
FullcrossNoTimelimited,52,0.4623331456625521,-0.0022457177004294904,-0.05303295269870966,-0.004857358209113987,Full,Reject,NoTP
FullcrossNoTimelimited,53,0.3425532429638327,-0.012686979369257532,-0.04698148085993626,-0.03703651805917085,Full,Reject,NoTP
FullcrossNoTimelimited,54,0.4090229400329368,0.02213591261763403,0.10444238573569072,0.054119000308030456,Full,Reject,NoTP
FullcrossNoTimelimited,55,0.4744009755415961,-0.021906522150883127,0.5667116921217735,-0.04617722829484851,Full,Reject,NoTP
FullcrossNoTimelimited,56,0.4846616697227466,0.008819129233553635,-0.5205023928861625,0.01819646525502763,Full,Reject,NoTP
FullcrossNoTimelimited,57,0.4320093256465055,0.10211172904598763,-0.21391439140301374,0.2363646407243098,Full,Reject,NoTP
FullcrossNoTimelimited,58,0.46536135046397215,0.023423466131320077,0.08948340192262219,0.050333931058018755,Full,Reject,NoTP
FullcrossNoTimelimited,59,0.4659717388742287,-0.05934331806125286,-0.9318675940468419,-0.1273538996262396,Full,Reject,NoTP
FullcrossNoTimelimited,60,0.44115757476544654,0.0782606672156496,0.1008835685415056,0.1773984437584666,Full,Reject,NoTP
FullcrossNoTimelimited,61,0.4994256944432578,0.05815733528210269,0.1758030246794963,0.11644842451875538,Full,Reject,NoTP
FullcrossNoTimelimited,62,0.44982791207152345,0.05678076770898984,-0.1962249331286302,0.12622775551545054,Full,Reject,NoTP
FullcrossNoTimelimited,63,0.46893831387505686,-0.02376896277084978,-0.4448291019495498,-0.050686757868931016,Full,Reject,NoTP
FullcrossNoTimelimited,64,0.4734721635524499,0.05688826210317622,0.017417340427771842,0.12015122848267361,Full,Reject,NoTP
FullcrossNoTimelimited,65,0.4456810841595398,0.1001292829547357,-0.20441361122062418,0.22466576777329092,Full,Reject,NoTP
FullcrossTimelimited,1,0.7035998253564792,0.09897386544943275,0.4718044867016379,0.14066783686207934,Full,Reject,TP
FullcrossTimelimited,2,0.7214160037555639,0.11087487223638935,0.3888512677479461,0.1536906190868991,Full,Reject,TP
FullcrossTimelimited,3,0.6295430923401477,0.05022057826901795,0.46696671001196033,0.07977305903292053,Full,Reject,TP
FullcrossTimelimited,4,0.6765902747465348,0.1551668253393139,2.0129743139955223,0.22933647013688263,Full,Reject,TP
FullcrossTimelimited,5,0.7642602810874648,0.09974830389431247,0.44832580984275355,0.13051614268424463,Full,Reject,TP
FullcrossTimelimited,6,0.6802105700076646,0.09472931556195094,-0.11345423420819653,0.13926469205099756,Full,Reject,TP
FullcrossTimelimited,7,0.7160954715795181,0.09790258653218248,-0.26998581144038647,0.13671722614895906,Full,Reject,TP
FullcrossTimelimited,8,0.6916509060037639,0.07905557220552124,-0.02010680160940466,0.11429981732011356,Full,Reject,TP
FullcrossTimelimited,9,0.7472507229213459,0.17266122438082468,-0.38059789249980125,0.23106197034619486,Full,Reject,TP
FullcrossTimelimited,10,0.7340845230718269,0.0746278665185165,-0.024169276511067938,0.10166113597686419,Full,Reject,TP
FullcrossTimelimited,11,0.7046057188270611,-0.001714815663862886,2.0317089808842406,-0.00243372373803252,Full,Reject,TP
FullcrossTimelimited,12,0.7224812805216407,0.10303666747262089,-0.03351069550655422,0.14261499951698,Full,Reject,TP
FullcrossTimelimited,13,0.658593905066047,0.15275862919056118,-0.20431217051088763,0.23194661841767547,Full,Reject,TP
FullcrossTimelimited,14,0.6918997137316877,0.07319487743023693,0.2212666873582205,0.10578827534913714,Full,Reject,TP
FullcrossTimelimited,15,0.7264018137864396,0.053441707334993906,-0.2018121669726691,0.07357044864249973,Full,Reject,TP
FullcrossTimelimited,16,0.6788451550043503,0.07614049252464054,0.053460439340917335,0.11216179708044408,Full,Reject,TP
FullcrossTimelimited,17,0.6790004562880005,0.11038640343517242,-0.03303841408309172,0.1625719134838867,Full,Reject,TP
FullcrossTimelimited,18,0.6704501097802694,0.07441098403824166,1.3734915476503755,0.110986608776347,Full,Reject,TP
FullcrossTimelimited,19,0.6988798075038583,0.09215845226768889,0.4712808645924803,0.13186595359915318,Full,Reject,TP
FullcrossTimelimited,20,0.734291948526807,0.07612772662912548,-0.38868190527895696,0.10367501207368375,Full,Reject,TP
FullcrossTimelimited,21,0.6866497255172939,0.08729852818958747,0.48140265924609504,0.1271369155850464,Full,Reject,TP
FullcrossTimelimited,22,0.711245912927028,0.1092420102490627,-0.9121559372758704,0.15359246114960895,Full,Reject,TP
FullcrossTimelimited,23,0.6713603358902043,0.02808418177509132,-0.19140002884536655,0.04183175602391302,Full,Reject,TP
FullcrossTimelimited,24,0.6897358379173278,0.09685588294799309,1.1148373224600032,0.140424605513397,Full,Reject,TP
FullcrossTimelimited,25,0.6752753862718716,0.04550120561570206,-0.11180350783302963,0.06738170314026949,Full,Reject,TP
FullcrossTimelimited,26,0.6739597971064968,0.08448177062826377,-0.8142632334901503,0.12535135031936373,Full,Reject,TP
FullcrossTimelimited,27,0.7023199882002881,0.060570139714883106,0.22238209885648377,0.08624293873522744,Full,Reject,TP
FullcrossTimelimited,28,0.7637002348067303,0.02321801229987031,0.13043602459258324,0.030401997068582928,Full,Reject,TP
FullcrossTimelimited,29,0.7462118597031953,0.07298157825123648,0.4789392528003102,0.09780275842877223,Full,Reject,TP
FullcrossTimelimited,30,0.7225839574149041,0.10270378873843176,-0.5520166706241777,0.14213405609759444,Full,Reject,TP
FullcrossTimelimited,31,0.7002492615032551,0.12541727568530733,0.385695307809389,0.17910376001835218,Full,Reject,TP
FullcrossTimelimited,32,0.6683527317301254,0.13750836106852424,-0.12097823369552727,0.20574219950080017,Full,Reject,TP
FullcrossTimelimited,33,0.6891353286640012,0.04998738070165622,-1.1103545689708054,0.07253637801237782,Full,Reject,TP
FullcrossTimelimited,34,0.6085736890185961,0.01866782579405518,-0.1050420875138705,0.03067471718036228,Full,Reject,TP
FullcrossTimelimited,35,0.640428178988846,0.12852981815855424,0.05008191350396979,0.2006935709192034,Full,Reject,TP
FullcrossTimelimited,36,0.6707004177239276,0.0556451937119287,-0.1911139069550618,0.08296579551980131,Full,Reject,TP
FullcrossTimelimited,37,0.6586704888588272,-0.031559503694200325,0.7470081628837281,-0.04791394821540953,Full,Reject,TP
FullcrossTimelimited,38,0.711109755945353,0.10250682503668576,0.2837552470284965,0.14415049741570857,Full,Reject,TP
FullcrossTimelimited,39,0.6481826478865742,0.03461232105813504,-0.11313148005913293,0.05339902444317187,Full,Reject,TP
FullcrossTimelimited,40,0.6869112561163745,0.08918844242645009,-0.529177754292628,0.12983983248534808,Full,Reject,TP
FullcrossTimelimited,41,0.7065373752099886,0.04840724553164775,0.7506781999576649,0.06851335432504292,Full,Reject,TP
FullcrossTimelimited,42,0.6332714349109925,0.08895719087101503,-0.7240146325832003,0.14047245141179965,Full,Reject,TP
FullcrossTimelimited,43,0.6766546600292852,0.008052014304288686,-0.4558556783378393,0.011899739675095417,Full,Reject,TP
FullcrossTimelimited,44,0.7165692266707396,-0.03228935953078729,1.0183814044231778,-0.045061046900949475,Full,Reject,TP
FullcrossTimelimited,45,0.719025237344017,0.08308988789928365,-0.03049500308509968,0.11555907022986645,Full,Reject,TP
FullcrossTimelimited,46,0.6933913934711424,0.06249472100027994,-0.4465267501770254,0.09012906936647873,Full,Reject,TP
FullcrossTimelimited,47,0.7109693918044342,0.009790650834349445,-0.27545193031318127,0.013770847166149949,Full,Reject,TP
FullcrossTimelimited,48,0.6961295698527853,0.1298836858346257,-0.2985375443574945,0.1865797567859285,Full,Reject,TP
FullcrossTimelimited,49,0.8012044941502039,0.09741255151880501,-0.1584590733288579,0.12158263243658594,Full,Reject,TP
FullcrossTimelimited,50,0.6544635304353701,0.00513068444406553,-0.021471219496524207,0.007839526888003117,Full,Reject,TP
FullcrossTimelimited,51,0.6976976542028028,0.05253168937479183,-0.37172221059032545,0.07529291385509261,Full,Reject,TP
FullcrossTimelimited,52,0.7308395392566153,0.08432272097259352,-0.11109752844052602,0.11537788590141645,Full,Reject,TP
FullcrossTimelimited,53,0.7122788406587535,0.09969602065024995,0.3138722536394834,0.13996768534924575,Full,Reject,TP
FullcrossTimelimited,54,0.6929504806759845,0.06389813986857977,0.2094334149299969,0.09221169715655018,Full,Reject,TP
FullcrossTimelimited,55,0.7559159819028244,0.1173437145160748,-0.054734818486196886,0.1552338055093003,Full,Reject,TP
FullcrossTimelimited,56,0.7081584826120273,0.11656957489446189,0.13794828282347227,0.16460944514072262,Full,Reject,TP
FullcrossTimelimited,57,0.6891972172922782,0.02976318937353429,-0.03397717430618953,0.043185301139879916,Full,Reject,TP
FullcrossTimelimited,58,0.7075566490939298,0.07996557711981869,0.22160626903080774,0.11301650153697175,Full,Reject,TP
FullcrossTimelimited,59,0.6173885823105273,0.009806690806153562,-0.1007014668301524,0.01588414669000325,Full,Reject,TP
FullcrossTimelimited,60,0.6853816365782552,0.0809159696535043,0.39206196252981385,0.11805972809174543,Full,Reject,TP
FullcrossTimelimited,61,0.7351679934320936,0.11693361122600998,0.20453219094495825,0.1590569941437623,Full,Reject,TP
FullcrossTimelimited,62,0.6896715348391922,0.10646199951462255,-0.11350605269250093,0.15436623687745188,Full,Reject,TP
FullcrossTimelimited,63,0.684013907427813,0.10039392058275727,-0.44317456592367666,0.14677175345788168,Full,Reject,TP
FullcrossTimelimited,64,0.7267339896840546,0.03738929231819599,-0.4581668494990519,0.05144838806074128,Full,Reject,TP
FullcrossTimelimited,65,0.6996054873910587,0.09849035945330605,-0.034180570103982136,0.14077985554486205,Full,Reject,TP
FulltickNoTimelimited,1,0.8257761482709481,-0.039372347044413565,0.18675500336134176,-0.04767920110898501,Full,Accept,NoTP
FulltickNoTimelimited,2,0.8395715970336964,-0.09191200829487815,-0.21026940354893942,-0.1094748900744307,Full,Accept,NoTP
FulltickNoTimelimited,3,0.851755069530466,-0.12855333040022332,0.24079790468807544,-0.15092757882977903,Full,Accept,NoTP
FulltickNoTimelimited,4,0.9474862948501073,0.0041593293568643165,1.6922665157512002,0.004389857013733718,Full,Accept,NoTP
FulltickNoTimelimited,5,0.800264318089667,-0.1587640270863774,0.08908756619975987,-0.19838948644538767,Full,Accept,NoTP
FulltickNoTimelimited,6,0.9602567718927862,-0.07748922637487281,0.2854660349411392,-0.08069636022678793,Full,Accept,NoTP
FulltickNoTimelimited,7,0.855055822191509,-0.08128154068318262,-0.061939679029171434,-0.09505992307596707,Full,Accept,NoTP
FulltickNoTimelimited,8,0.8019094784518034,-0.1124389508173968,-0.14889161031001025,-0.14021401896193528,Full,Accept,NoTP
FulltickNoTimelimited,9,0.8351606986517354,-0.15712195472755652,-0.5341899973664792,-0.1881337986584027,Full,Accept,NoTP
FulltickNoTimelimited,10,0.7941455900775735,-0.054549132701080555,-0.12763200492303872,-0.06868908344092436,Full,Accept,NoTP
FulltickNoTimelimited,11,0.8216463634511998,-0.13686220150658776,-0.21509207491684132,-0.16657068976940279,Full,Accept,NoTP
FulltickNoTimelimited,12,0.7879463276335144,-0.10035292376881447,-0.13625652513401137,-0.12736010087160418,Full,Accept,NoTP
FulltickNoTimelimited,13,0.7842022870442762,-0.12971047327609497,-0.6124303810933195,-0.1654043547424282,Full,Accept,NoTP
FulltickNoTimelimited,14,0.8124507415108588,-0.13546510716877896,0.09385549611472634,-0.1667363942789489,Full,Accept,NoTP
FulltickNoTimelimited,15,0.7617899687409233,-0.10468046859369824,-0.7809897906568215,-0.1374138186234098,Full,Accept,NoTP
FulltickNoTimelimited,16,0.8221868776976973,-0.12022937327604646,-0.7777976534117537,-0.14623119942356044,Full,Accept,NoTP
FulltickNoTimelimited,17,0.8236538078779015,-0.07831166482334413,0.24661167235633932,-0.09507837403812872,Full,Accept,NoTP
FulltickNoTimelimited,18,0.8136633857549213,-0.0854906771310466,0.5752251760161428,-0.10506885110939077,Full,Accept,NoTP
FulltickNoTimelimited,19,0.8043400805587304,-0.043850392612425584,0.4246896241877389,-0.05451722930674442,Full,Accept,NoTP
FulltickNoTimelimited,20,0.8477564124610394,-0.09092442086213028,-0.12941888445407923,-0.10725300277962677,Full,Accept,NoTP
FulltickNoTimelimited,21,0.8085743479218628,-0.043365572143611746,-0.055790077908357716,-0.05363213940074489,Full,Accept,NoTP
FulltickNoTimelimited,22,0.8174125024687707,-0.14415574340101223,-1.154956330577146,-0.1763561763071023,Full,Accept,NoTP
FulltickNoTimelimited,23,0.8087688377889319,-0.04442571316992182,0.32151295484463666,-0.054930050583274076,Full,Accept,NoTP
FulltickNoTimelimited,24,0.7671128328836456,-0.026057653860439803,0.7551098056124647,-0.03396847600956792,Full,Accept,NoTP
FulltickNoTimelimited,25,0.7907777561742005,-0.08189575966567342,-0.8739081283709927,-0.10356356008530998,Full,Accept,NoTP
FulltickNoTimelimited,26,0.7703113656278897,-0.15883248831588082,0.40529320689978043,-0.2061925805630748,Full,Accept,NoTP
FulltickNoTimelimited,27,0.7843093276139119,-0.14047831775103348,-0.057802826112539174,-0.17911085945950403,Full,Accept,NoTP
FulltickNoTimelimited,28,0.9120075247065929,-0.0586390539818875,0.3976396043878954,-0.06429667781606584,Full,Accept,NoTP
FulltickNoTimelimited,29,0.7452701029348042,-0.08156748044795485,-0.12620816100634252,-0.1094468705060752,Full,Accept,NoTP
FulltickNoTimelimited,30,0.8155100030553345,-0.060408203162088746,-0.28509189971212323,-0.07407414125610656,Full,Accept,NoTP
FulltickNoTimelimited,31,0.7057718838476599,-0.10807890058997638,-0.36228528262176124,-0.15313574125503857,Full,Accept,NoTP
FulltickNoTimelimited,32,0.6985793175834643,-0.14365451211140273,0.012177388265398126,-0.20563808360135039,Full,Accept,NoTP
FulltickNoTimelimited,33,0.8110295916784904,-0.10765637844628637,-0.7065778387433677,-0.13274038278120395,Full,Accept,NoTP
FulltickNoTimelimited,34,0.8339885349774595,-0.07815746687033794,0.0317394551101508,-0.09371527735983844,Full,Accept,NoTP
FulltickNoTimelimited,35,0.8498695941414331,-0.09490124669260311,-0.44560948076077983,-0.11166565711587263,Full,Accept,NoTP
FulltickNoTimelimited,36,0.8778207389333375,-0.1480544865138309,0.009942187220911622,-0.16866141336981366,Full,Accept,NoTP
FulltickNoTimelimited,37,0.8128454464892998,-0.18932156659392388,0.32807132694992114,-0.2329121328188631,Full,Accept,NoTP
FulltickNoTimelimited,38,0.7865746946206404,-0.07823174100739393,0.3402999689259462,-0.09945875648227477,Full,Accept,NoTP
FulltickNoTimelimited,39,0.7659393228147716,-0.15204561052975368,0.09635969344226569,-0.19850868861386703,Full,Accept,NoTP
FulltickNoTimelimited,40,1.0663495229736428,-0.016184705697503764,0.0994581688822907,-0.015177674251094314,Full,Accept,NoTP
FulltickNoTimelimited,41,0.8102143240330562,-0.08936954146327987,0.09946116406856197,-0.11030358117889022,Full,Accept,NoTP
FulltickNoTimelimited,42,0.824927332954757,-0.09365035994264517,-0.6050833795197458,-0.11352558728682763,Full,Accept,NoTP
FulltickNoTimelimited,43,0.7569706638627767,-0.20172359237420717,-0.3020619448714718,-0.26648799220939895,Full,Accept,NoTP
FulltickNoTimelimited,44,0.9677707727673496,-0.06789121013149219,0.4368311444838351,-0.07015216003822541,Full,Accept,NoTP
FulltickNoTimelimited,45,0.8041822530849964,-0.1226170598467598,0.11330517748917657,-0.15247421759977592,Full,Accept,NoTP
FulltickNoTimelimited,46,0.9181985950415429,-0.09760303970896769,-0.21625117149309428,-0.10629839801110973,Full,Accept,NoTP
FulltickNoTimelimited,47,0.8371738528424086,-0.07378031348313102,-0.2909203270022888,-0.08813021719757363,Full,Accept,NoTP
FulltickNoTimelimited,48,0.7531495253651797,-0.10515844789172593,0.09157225930677973,-0.13962492752118214,Full,Accept,NoTP
FulltickNoTimelimited,49,0.8251565053846187,-0.1454169928766021,-0.7102668334783878,-0.17622959029914076,Full,Accept,NoTP
FulltickNoTimelimited,50,0.803089418241256,-0.06890099854011879,-0.1354268363522975,-0.08579492765700998,Full,Accept,NoTP
FulltickNoTimelimited,51,0.7235105226316866,-0.1437144208879311,0.2504432365336042,-0.19863487315317319,Full,Accept,NoTP
FulltickNoTimelimited,52,0.8195365586326976,-0.06034398915915717,0.33657666796928354,-0.07363184536859975,Full,Accept,NoTP
FulltickNoTimelimited,53,0.8523064400257994,-0.08079269662912068,0.01957243271390852,-0.09479301438421031,Full,Accept,NoTP
FulltickNoTimelimited,54,0.8049350303762854,-0.092991356972199,-0.2157914416691737,-0.11552653750045894,Full,Accept,NoTP
FulltickNoTimelimited,55,0.754070504430656,-0.10055092062498613,0.09848098812376406,-0.13334419001165526,Full,Accept,NoTP
FulltickNoTimelimited,56,0.8806790698920043,-0.05242019366787387,0.09083488427600885,-0.059522470171003435,Full,Accept,NoTP
FulltickNoTimelimited,57,0.7403094862830932,-0.054350823797001076,-0.36598299419906116,-0.07341635465173196,Full,Accept,NoTP
FulltickNoTimelimited,58,0.82816092601191,-0.09118937378870862,0.3233012260799447,-0.11011069337434207,Full,Accept,NoTP
FulltickNoTimelimited,59,0.8653951057288038,-0.06104718667414893,-0.6903956708559333,-0.0705425605830498,Full,Accept,NoTP
FulltickNoTimelimited,60,0.9109601921210955,0.006030676627421553,0.32744748485616015,0.006620131899923772,Full,Accept,NoTP
FulltickNoTimelimited,61,0.8367029695498128,-0.07267939343465243,0.834730522981447,-0.08686403189623852,Full,Accept,NoTP
FulltickNoTimelimited,62,0.8670522908341498,-0.10205248534917953,-0.37417374846611473,-0.1177004967612734,Full,Accept,NoTP
FulltickNoTimelimited,63,0.8575372333900569,-0.07758038922155659,-0.5517086360768423,-0.090468828875059,Full,Accept,NoTP
FulltickNoTimelimited,64,0.755976604301596,-0.08436946176349888,-0.13295843488822592,-0.1116032708994256,Full,Accept,NoTP
FulltickNoTimelimited,65,0.8273969746734661,-0.06840093675142828,-1.0509780798851742,-0.08267003487464146,Full,Accept,NoTP
FulltickTimelimited,1,0.5554638071378446,-8.63981970895151e-4,0.3932325577613663,-0.0015554244215244509,Full,Accept,TP
FulltickTimelimited,2,0.49158157501743643,-0.003891932431999955,0.22153639826863178,-0.007917164982967288,Full,Accept,TP
FulltickTimelimited,3,0.5806872192528474,0.0169587218414817,0.6590234854754254,0.029204572236499318,Full,Accept,TP
FulltickTimelimited,4,0.4929678933083471,-0.05180039257979264,2.0324820190540285,-0.10507863348291517,Full,Accept,TP
FulltickTimelimited,5,0.5337379701931214,0.025173572258920397,0.5718917187470735,0.047164664432271686,Full,Accept,TP
FulltickTimelimited,6,0.5028807020382637,0.04319065910153208,0.22856479983840422,0.08588649142127101,Full,Accept,TP
FulltickTimelimited,7,0.3564029498440986,0.011313906850665805,-0.18882995008944514,0.03174470597287382,Full,Accept,TP
FulltickTimelimited,8,0.4730990145174701,0.031508385030960054,0.06605300475922435,0.06659998026649143,Full,Accept,TP
FulltickTimelimited,9,0.5417688815985101,0.02601288122703679,-0.618104188050311,0.048014720133583114,Full,Accept,TP
FulltickTimelimited,10,0.4873074731338697,-0.004666776714751202,0.39406083347198295,-0.009576657391973092,Full,Accept,TP
FulltickTimelimited,11,0.5115121094315405,0.10508939766869874,2.0273469955679486,0.2054485040158441,Full,Accept,TP
FulltickTimelimited,12,0.4415497127263493,0.046993057251635696,-0.03582942523505987,0.10642755707274046,Full,Accept,TP
FulltickTimelimited,13,0.5612734626614477,-0.020236442532219723,-0.538530144891729,-0.036054515095480404,Full,Accept,TP
FulltickTimelimited,14,0.42241364494810846,-0.02186343168391053,0.31092736489794115,-0.05175834622150133,Full,Accept,TP
FulltickTimelimited,15,0.44752553548298274,0.023158107591721547,0.1423330864431899,0.051747008283513106,Full,Accept,TP
FulltickTimelimited,16,0.5105825457271689,0.02677418405242608,0.13622030189836618,0.05243850240570686,Full,Accept,TP
FulltickTimelimited,17,0.5291297815439484,0.041214966142202,-0.021245129692871585,0.0778919795856903,Full,Accept,TP
FulltickTimelimited,18,0.4972681682800485,0.05392052299810548,0.6463024187095626,0.10843349009168599,Full,Accept,TP
FulltickTimelimited,19,0.8351384177977395,0.1203871450371346,-0.25431021073099,0.1441523254966471,Full,Accept,TP
FulltickTimelimited,20,0.5511298719172655,-0.019984349610806078,-0.10254047639651519,-0.036260690318390305,Full,Accept,TP
FulltickTimelimited,21,0.5397314916442126,0.029895769072487702,0.21491516837645963,0.05539007735386097,Full,Accept,TP
FulltickTimelimited,22,0.46565969386715844,0.0432502441697502,-1.106191467972516,0.09287950994978848,Full,Accept,TP
FulltickTimelimited,23,0.44979763414097085,0.10537502514774295,0.1390008267478111,0.23427207514994935,Full,Accept,TP
FulltickTimelimited,24,0.5315208983650535,0.04259763411850647,0.8598769032103485,0.08014291488732776,Full,Accept,TP
FulltickTimelimited,25,0.5130434971522314,0.04847902078200569,0.14594181105449255,0.09449300312955898,Full,Accept,TP
FulltickTimelimited,26,0.42487522731803934,-0.01866808672529308,0.23094552399337515,-0.04393780932612277,Full,Accept,TP
FulltickTimelimited,27,0.40863843094730834,-0.0166188887205834,-0.27250981589152806,-0.040668932391056276,Full,Accept,TP
FulltickTimelimited,28,0.44271924135915147,0.14452929214342594,0.1306937772962347,0.3264581220814345,Full,Accept,TP
FulltickTimelimited,29,0.31870209947011846,0.007709396290286753,0.7603573530817014,0.024189976479930868,Full,Accept,TP
FulltickTimelimited,30,0.4739685206149018,-0.012253840264088565,-0.6302564624301117,-0.025853700680777445,Full,Accept,TP
FulltickTimelimited,31,0.46727863496489624,0.09138077395412195,0.5671226530706204,0.1955594951628525,Full,Accept,TP
FulltickTimelimited,32,0.5061291849337284,-0.02663251934964323,0.05634011895832716,-0.05262000323717836,Full,Accept,TP
FulltickTimelimited,33,0.5081292751808818,0.04759627495904512,0.7613314821728046,0.09366961772100613,Full,Accept,TP
FulltickTimelimited,34,0.5297083198605077,0.034514851395575245,0.0558471011890546,0.06515822029124314,Full,Accept,TP
FulltickTimelimited,35,0.5157632217828272,0.051196679564590133,-0.8126944105451902,0.09926392073405257,Full,Accept,TP
FulltickTimelimited,36,0.6776404022559755,0.03412233539295422,0.18785871291842962,0.0503546354074453,Full,Accept,TP
FulltickTimelimited,37,0.3495609440709937,0.0053213492049467796,0.06895799497089934,0.015222951234123129,Full,Accept,TP
FulltickTimelimited,38,0.4719447252750161,0.038230040945972196,0.7584529056695691,0.08100533579158964,Full,Accept,TP
FulltickTimelimited,39,0.41921234577737876,0.09782758438515714,0.30355691753414826,0.2333604565098093,Full,Accept,TP
FulltickTimelimited,40,0.5760436521604789,0.049712998051256944,-0.10852093498785444,0.08630074798117468,Full,Accept,TP
FulltickTimelimited,41,0.2117195719735971,-0.04478488055302213,-0.098232156199376,-0.21152924189081165,Full,Accept,TP
FulltickTimelimited,42,0.5359781067581546,0.08075385284916665,-0.28371522624715545,0.15066632728266383,Full,Accept,TP
FulltickTimelimited,43,0.16045078418618078,-0.09472365703723164,-0.19766265646267828,-0.5903595767242747,Full,Accept,TP
FulltickTimelimited,44,0.5020489883886197,0.08790459459565246,0.83663468053004,0.17509166760357736,Full,Accept,TP
FulltickTimelimited,45,0.40826130377030306,0.04304060451853067,0.312290344339546,0.10542415879499145,Full,Accept,TP
FulltickTimelimited,46,0.48519875894036396,0.005072295992787132,-0.2714381860795839,0.010454058052136466,Full,Accept,TP
FulltickTimelimited,47,0.5223417078313001,0.012414586323893126,-0.628589809832364,0.02376717412713795,Full,Accept,TP
FulltickTimelimited,48,0.5503420574623257,0.0372753033206856,0.39134616890379964,0.0677311552247437,Full,Accept,TP
FulltickTimelimited,49,0.3669655697326118,-0.007551479995359791,0.06711787529932012,-0.02057817031952657,Full,Accept,TP
FulltickTimelimited,50,0.4918325903509015,-0.012998920460986527,-0.36047028758512234,-0.02642956305866668,Full,Accept,TP
FulltickTimelimited,51,0.5296716827906999,0.03580139508625747,-0.35781204251678417,0.06759167282198172,Full,Accept,TP
FulltickTimelimited,52,0.46761002315516303,6.942001626828723e-4,-0.6199948105909915,0.0014845707497859212,Full,Accept,TP
FulltickTimelimited,53,0.47043311421614115,0.05733920795962389,0.05904307380656063,0.12188599447376341,Full,Accept,TP
FulltickTimelimited,54,0.4121154678886322,-0.003122939683115924,0.0619771110505007,-0.007577826911267136,Full,Accept,TP
FulltickTimelimited,55,0.4810950979879698,0.03353761774281688,0.4022185704185196,0.06971099452702285,Full,Accept,TP
FulltickTimelimited,56,0.4852355080095628,0.04102506846326055,-0.7221450282718725,0.08454671553519544,Full,Accept,TP
FulltickTimelimited,57,0.4385196226700378,0.018511159219042145,-0.3608567411239516,0.042212841255158125,Full,Accept,TP
FulltickTimelimited,58,0.4042567327452704,0.02972388112840441,-0.10911280956145425,0.07352723831351492,Full,Accept,TP
FulltickTimelimited,59,0.46725247014112065,0.0490289756192001,0.6666608053447091,0.10493037223407778,Full,Accept,TP
FulltickTimelimited,60,0.20078975678263924,-1.0150388684443069e-4,0.49043450250489545,-5.055232322150357e-4,Full,Accept,TP
FulltickTimelimited,61,0.5163432322166871,0.023196638096434585,0.948386095206795,0.044924841944476095,Full,Accept,TP
FulltickTimelimited,62,0.42378571988021324,0.020231705008869574,-0.19370080368722387,0.04774041233524396,Full,Accept,TP
FulltickTimelimited,63,0.4325197935942205,-0.03711325435247336,-0.2770664798127928,-0.08580706571614642,Full,Accept,TP
FulltickTimelimited,64,0.5103763835948596,0.029801916020056954,-0.7969377468837304,0.058392035717142285,Full,Accept,TP
FulltickTimelimited,65,0.5155153112540335,0.02802884051463543,-0.534085296593617,0.05437052964819409,Full,Accept,TP
PartialcrossNoTimelimited,1,1.6148314189637158,-0.651644967458259,-0.551616743172975,-0.4035374589605387,Partial,Reject,NoTP
PartialcrossNoTimelimited,2,1.3314281891605337,-0.022934660687463006,-0.0439450003849828,-0.017225608466291616,Partial,Reject,NoTP
PartialcrossNoTimelimited,3,1.5701125494732944,-0.46687184697355305,-0.07541758088479945,-0.29734928692224555,Partial,Reject,NoTP
PartialcrossNoTimelimited,4,1.5271565351500584,0.6576283323214875,0.12810685869851027,0.4306227404886618,Partial,Reject,NoTP
PartialcrossNoTimelimited,5,1.5814759499250863,0.35474162843567403,0.06652133756373119,0.224310479367377,Partial,Reject,NoTP
PartialcrossNoTimelimited,6,1.5096129195244272,-0.22378212281313298,0.7110329132232096,-0.14823808137759642,Partial,Reject,NoTP
PartialcrossNoTimelimited,7,1.4464882300652555,-0.6409119484746052,0.06630354275190033,-0.44308134359703133,Partial,Reject,NoTP
PartialcrossNoTimelimited,8,1.6635705061300845,-1.3533841440080616,0.7698282897401372,-0.8135418000144758,Partial,Reject,NoTP
PartialcrossNoTimelimited,9,1.7672599616127551,-0.5162224736889741,0.5955977098031453,-0.292103303929255,Partial,Reject,NoTP
PartialcrossNoTimelimited,10,1.5900869394762402,-0.15631232226203787,0.6555538793987422,-0.09830426147234797,Partial,Reject,NoTP
PartialcrossNoTimelimited,11,1.4621823443091855,0.5732464085658747,-1.3460776502785965,0.39204850940578656,Partial,Reject,NoTP
PartialcrossNoTimelimited,12,1.5028408916491973,-0.949022486741889,0.06087185025276376,-0.631485669584386,Partial,Reject,NoTP
PartialcrossNoTimelimited,13,1.6626130980592415,-1.4308440865661962,1.400989338253798,-0.8605995515351179,Partial,Reject,NoTP
PartialcrossNoTimelimited,14,1.741072245614397,-1.214997144552476,0.7108244024946723,-0.6978441863127413,Partial,Reject,NoTP
PartialcrossNoTimelimited,15,1.6290040728986948,-0.1065779252035298,-0.4158419753029952,-0.06542520487004191,Partial,Reject,NoTP
PartialcrossNoTimelimited,16,1.4512171724167064,0.12561806002796747,1.0831772910908075,0.08656048344492519,Partial,Reject,NoTP
PartialcrossNoTimelimited,17,1.4932271028070634,-0.755962889283182,0.5889164896214175,-0.5062611627274075,Partial,Reject,NoTP
PartialcrossNoTimelimited,18,1.5301242471460286,-0.7773160857364199,-0.0855425502481052,-0.5080084752504651,Partial,Reject,NoTP
PartialcrossNoTimelimited,19,1.7176987978875184,-1.4851846100731902,0.1600655397366776,-0.8646362283653679,Partial,Reject,NoTP
PartialcrossNoTimelimited,20,1.4169210197875384,-0.0438193047831536,-0.5704977452502554,-0.03092572145603721,Partial,Reject,NoTP
PartialcrossNoTimelimited,21,1.5030382614825348,-0.024251275760145553,-0.648525830478874,-0.01613483593972192,Partial,Reject,NoTP
PartialcrossNoTimelimited,22,1.3432607203787772,-0.7719594494553088,-0.9195839247187415,-0.5746907043017152,Partial,Reject,NoTP
PartialcrossNoTimelimited,23,1.6922533758292642,1.0627204994985036,-0.06499365209424635,0.6279913603231743,Partial,Reject,NoTP
PartialcrossNoTimelimited,24,1.4423515147099772,-0.23115576591832043,0.007625507518889757,-0.16026312834344017,Partial,Reject,NoTP
PartialcrossNoTimelimited,25,1.5724294696493228,-0.05900788735187448,0.21559127232185354,-0.03752657177369882,Partial,Reject,NoTP
PartialcrossNoTimelimited,26,1.7289304085472617,-1.4779201227843464,0.6486595838228473,-0.8548175886536536,Partial,Reject,NoTP
PartialcrossNoTimelimited,27,1.3767191467051616,-0.28688507476397224,0.034947753665345395,-0.20838315167662266,Partial,Reject,NoTP
PartialcrossNoTimelimited,28,1.6835498203713475,0.03347704703763839,0.03425107550464663,0.019884797368369067,Partial,Reject,NoTP
PartialcrossNoTimelimited,29,1.6087592734970793,-1.7941849864991035,0.355154169932791,-1.1152600740562948,Partial,Reject,NoTP
PartialcrossNoTimelimited,30,1.6077693737302965,-1.939246350864891,0.8917275094310942,-1.2061719687852444,Partial,Reject,NoTP
PartialcrossNoTimelimited,31,1.7593197841650527,-0.3579277930335582,0.6890163501526155,-0.20344669357732795,Partial,Reject,NoTP
PartialcrossNoTimelimited,32,1.503492226324598,-0.39457562804242063,0.1841243016913193,-0.2624394201272267,Partial,Reject,NoTP
PartialcrossNoTimelimited,33,1.5149372485503363,0.009659501148762347,0.16363388905131335,0.006376172450710848,Partial,Reject,NoTP
PartialcrossNoTimelimited,34,1.6083317413095481,-0.12948299800718582,0.4192917833088668,-0.08050764321902718,Partial,Reject,NoTP
PartialcrossNoTimelimited,35,1.828020528198544,-1.6813007342369886,0.5339819617385626,-0.9197384319824116,Partial,Reject,NoTP
PartialcrossNoTimelimited,36,1.5988316953063484,-0.3036572483480374,0.4500015120271967,-0.18992446124221624,Partial,Reject,NoTP
PartialcrossNoTimelimited,37,1.8380432492733496,0.337609776661225,-0.45831655615064754,0.18367890787917823,Partial,Reject,NoTP
PartialcrossNoTimelimited,38,1.62620967954424,-1.2966828639349448,0.8590240393225322,-0.7973651124117966,Partial,Reject,NoTP
PartialcrossNoTimelimited,39,1.5223947133182139,-0.9093341416084495,0.23748499565277348,-0.5973051099385805,Partial,Reject,NoTP
PartialcrossNoTimelimited,40,1.4580647594809626,-0.9369576953986093,0.9391066661881436,-0.6426036218940951,Partial,Reject,NoTP
PartialcrossNoTimelimited,41,1.4740980658624487,-0.801742183478864,0.36685075276263235,-0.5438865988944838,Partial,Reject,NoTP
PartialcrossNoTimelimited,42,1.5541578716440096,-2.042233260174614,0.8886335668833951,-1.314044922614143,Partial,Reject,NoTP
PartialcrossNoTimelimited,43,1.5657787594444312,-0.10684151861401381,0.3580849614594052,-0.06823538636577448,Partial,Reject,NoTP
PartialcrossNoTimelimited,44,1.6098757369766317,-0.9575542569803152,0.6423427901176734,-0.5948001047451121,Partial,Reject,NoTP
PartialcrossNoTimelimited,45,1.5012491354324837,0.3505746443767393,0.2765472769590928,0.23352196254603994,Partial,Reject,NoTP
PartialcrossNoTimelimited,46,1.5711164004922729,0.12547492726829834,0.3009547049043016,0.0798635462203715,Partial,Reject,NoTP
PartialcrossNoTimelimited,47,1.6548553989169148,-0.5759529661365211,0.2666183968583975,-0.34803824340995365,Partial,Reject,NoTP
PartialcrossNoTimelimited,48,1.5158308635319862,-0.8549175282098445,0.3873666031866758,-0.5639926912543726,Partial,Reject,NoTP
PartialcrossNoTimelimited,49,1.4645211895711197,-0.6057107770618549,0.3478185832244209,-0.4135896300955778,Partial,Reject,NoTP
PartialcrossNoTimelimited,50,1.5638335762678524,-0.13172647069897048,-0.15442900030169565,-0.08423304928222647,Partial,Reject,NoTP
PartialcrossNoTimelimited,51,1.496904986137991,-0.9954050772430991,-0.020133641297305372,-0.6649754570002738,Partial,Reject,NoTP
PartialcrossNoTimelimited,52,1.6587431736710014,0.019204754738716127,0.06213393577558873,0.011577895266458676,Partial,Reject,NoTP
PartialcrossNoTimelimited,53,1.4856772002271086,-0.6611644794063541,0.8864516459274482,-0.4450256619037332,Partial,Reject,NoTP
PartialcrossNoTimelimited,54,1.6494701257891804,-0.9347515694715506,0.528543132400979,-0.5666980898028229,Partial,Reject,NoTP
PartialcrossNoTimelimited,55,1.5235148419892623,-0.21218919312771364,0.1910927328306521,-0.13927609188936876,Partial,Reject,NoTP
PartialcrossNoTimelimited,56,1.4286083719517648,-0.5349186921990603,0.4265936816922457,-0.37443340155444726,Partial,Reject,NoTP
PartialcrossTimelimited,1,1.3596426534091541,-0.41082772768111175,0.3751456437158912,-0.30215860516806126,Partial,Reject,TP
PartialcrossTimelimited,2,1.3215502839636017,-0.12979738173645233,0.2241832456400392,-0.09821599927863753,Partial,Reject,TP
PartialcrossTimelimited,3,1.2958262469153392,-0.545355202315081,0.12434198956584402,-0.42085519074279937,Partial,Reject,TP
PartialcrossTimelimited,4,1.320908171845016,-0.5120351671111878,0.5349602392684565,-0.38763873070448807,Partial,Reject,TP
PartialcrossTimelimited,5,1.279104264385036,-0.5471758056981952,0.34958334151018317,-0.4277804561626294,Partial,Reject,TP
PartialcrossTimelimited,6,1.2796021739769183,0.09835842078008981,1.324137624827453,0.07686640643505505,Partial,Reject,TP
PartialcrossTimelimited,7,1.29017214796614,-0.15401430442104835,0.47696891423294224,-0.11937500330001728,Partial,Reject,TP
PartialcrossTimelimited,8,1.475559258013344,-0.8053484537621858,0.9941575457628253,-0.5457920103096955,Partial,Reject,TP
PartialcrossTimelimited,9,1.3521936597460111,-0.25211283106513954,0.36941083744202924,-0.18644728086692483,Partial,Reject,TP
PartialcrossTimelimited,10,1.2999278841956536,-0.28368212165732104,0.6078354048661931,-0.218229122635409,Partial,Reject,TP
PartialcrossTimelimited,11,1.2319609750328975,-0.17986771573192487,0.07717915235682749,-0.14600114725803048,Partial,Reject,TP
PartialcrossTimelimited,12,1.3683040092761147,-0.6702896901286953,0.2180348539682357,-0.4898689805661713,Partial,Reject,TP
PartialcrossTimelimited,13,1.3336963868815328,0.6909966489427456,0.8486839188607626,0.5181064114287987,Partial,Reject,TP
PartialcrossTimelimited,14,1.2671848198753073,0.5863438274369431,1.3789217573006431,0.46271374012722166,Partial,Reject,TP
PartialcrossTimelimited,15,1.403295174923904,-0.5549112581454272,0.8404419030818109,-0.3954344517542563,Partial,Reject,TP
PartialcrossTimelimited,16,1.2884338921333711,-0.29755614219588006,1.178727817954534,-0.23094405076785948,Partial,Reject,TP
PartialcrossTimelimited,17,1.4609668574892658,-1.1772964775803554,1.12293143973713,-0.8058338021463334,Partial,Reject,TP
PartialcrossTimelimited,18,1.2901906909916618,-0.5410665349541248,0.905671965926872,-0.41936943021829753,Partial,Reject,TP
PartialcrossTimelimited,19,1.3210608270404895,0.24622537029671043,0.8187479875349484,0.186384582190903,Partial,Reject,TP
PartialcrossTimelimited,20,1.3168331389538572,-0.07878136260368986,-0.6173356984713256,-0.059826382153684854,Partial,Reject,TP
PartialcrossTimelimited,21,1.3056718638099367,0.2615489416858697,-1.089615102293641,0.20031751386805,Partial,Reject,TP
PartialcrossTimelimited,22,1.2596730359709687,-0.1627889815087066,-0.9603830253382833,-0.1292311392402134,Partial,Reject,TP
PartialcrossTimelimited,23,1.3013213906604013,-0.11851466758244196,-0.022770413762327985,-0.09107255781163907,Partial,Reject,TP
PartialcrossTimelimited,24,1.3551068318089405,0.028667090684571274,0.3049090143838553,0.021154856585220958,Partial,Reject,TP
PartialcrossTimelimited,25,1.3305132355373783,0.27827558781682715,0.22266941963369086,0.20914905645747672,Partial,Reject,TP
PartialcrossTimelimited,26,1.3437227813316803,-0.5763065523734464,0.44601491431929663,-0.4288879822386465,Partial,Reject,TP
PartialcrossTimelimited,27,1.337776232966487,-0.22092240603356217,0.041548759297973,-0.16514152411249822,Partial,Reject,TP
PartialcrossTimelimited,28,1.350453322767397,0.0563097068536349,0.15069808054563563,0.04169689237258719,Partial,Reject,TP
PartialcrossTimelimited,29,1.0908820217976563,-1.0714150620562382,0.8370306460202487,-0.9821548441055628,Partial,Reject,TP
PartialcrossTimelimited,30,1.361277203962205,-0.08745083504177313,0.651938540492226,-0.06424175383767107,Partial,Reject,TP
PartialcrossTimelimited,31,1.4354269019294787,-1.0014571972509734,0.49969451710390894,-0.6976720276768047,Partial,Reject,TP
PartialcrossTimelimited,32,1.3290461934224964,0.18627432834573218,0.22676877604972434,0.14015639882767914,Partial,Reject,TP
PartialcrossTimelimited,33,1.3006936974498948,0.03662745468435544,0.6506119770107862,0.028159938620573192,Partial,Reject,TP
PartialcrossTimelimited,34,1.4623082555927507,-0.24888760784617445,0.5448570435457857,-0.17020187562661826,Partial,Reject,TP
PartialcrossTimelimited,35,1.3178505229620712,-0.4182745573942591,0.8056967935065646,-0.3173915023792857,Partial,Reject,TP
PartialcrossTimelimited,36,1.3446827874515892,-0.4939207211351803,0.09961416258373294,-0.3673139313928805,Partial,Reject,TP
PartialcrossTimelimited,37,1.2100020530704336,0.45744927851019324,0.06001964650818955,0.3780566134986263,Partial,Reject,TP
PartialcrossTimelimited,38,1.371667989168989,-0.8359365369206496,0.332270940440857,-0.6094306665471527,Partial,Reject,TP
PartialcrossTimelimited,39,1.2115208981883538,0.21345096509743056,0.3319382191808207,0.1761843030661825,Partial,Reject,TP
PartialcrossTimelimited,40,1.326568832622033,-0.16901225944655435,0.985941405008143,-0.12740557089110313,Partial,Reject,TP
PartialcrossTimelimited,41,1.2829603940534702,-0.19957584864014744,0.5585287874024654,-0.1555588540107573,Partial,Reject,TP
PartialcrossTimelimited,42,1.3469010400980777,0.5384410586994344,-0.46706675701514944,0.39976289472627224,Partial,Reject,TP
PartialcrossTimelimited,43,1.334790553976354,-0.5502973313295451,0.9658592823160256,-0.4122724195868812,Partial,Reject,TP
PartialcrossTimelimited,44,1.2441248935411295,0.013828471748883828,1.0656465172340357,0.011115018934734202,Partial,Reject,TP
PartialcrossTimelimited,45,1.2616475004128307,0.41335770272508476,1.1075887577360335,0.32763327521342345,Partial,Reject,TP
PartialcrossTimelimited,46,1.3039013023898467,-0.13800630646281897,0.3036485694815988,-0.10584106803933323,Partial,Reject,TP
PartialcrossTimelimited,47,1.330505657881926,-0.6251640812361662,0.5242496053959026,-0.469869539849522,Partial,Reject,TP
PartialcrossTimelimited,48,1.1899329154619476,-0.7453364375811308,0.8791618900577354,-0.626368451444829,Partial,Reject,TP
PartialcrossTimelimited,49,1.2238611346572033,0.2038704594490131,0.4012238523013888,0.16657973169980278,Partial,Reject,TP
PartialcrossTimelimited,50,1.2549498202672955,-0.030658022706260276,0.6616614850382792,-0.02442968014428683,Partial,Reject,TP
PartialcrossTimelimited,51,1.2786876274485124,0.3991458912324321,-0.26195106208849983,0.31215277497357663,Partial,Reject,TP
PartialcrossTimelimited,52,1.4071098446342445,-0.5778708803752586,0.5949625976140851,-0.410679295990191,Partial,Reject,TP
PartialcrossTimelimited,53,1.2433405272966813,-0.25405459209676773,0.4812364027174577,-0.20433226981601169,Partial,Reject,TP
PartialcrossTimelimited,54,1.2402873339445515,-0.2430373734265789,0.31091369910239186,-0.19595247550713454,Partial,Reject,TP
PartialcrossTimelimited,55,1.3521893320657885,-0.24020698502087998,0.6389939924791854,-0.17764301146638029,Partial,Reject,TP
PartialcrossTimelimited,56,1.2901764124181352,0.4112323360387281,1.194041271826115,0.3187411675493035,Partial,Reject,TP
PartialtickNoTimelimited,1,1.993040279321887,-0.9743444033963685,-0.21531408778633482,-0.4888734128985491,Partial,Accept,NoTP
PartialtickNoTimelimited,2,2.0415201745624993,-0.6568303066961532,-0.040163304548149495,-0.3217358882269742,Partial,Accept,NoTP
PartialtickNoTimelimited,3,2.0621490893082366,-0.32383347660825285,0.2932940763877552,-0.15703688850008668,Partial,Accept,NoTP
PartialtickNoTimelimited,4,1.9531734794839855,-1.0780295685883858,0.35618395841621864,-0.5519374392044242,Partial,Accept,NoTP
PartialtickNoTimelimited,5,2.126006086488365,-0.6074131099465088,0.6460120070994949,-0.28570619520182305,Partial,Accept,NoTP
PartialtickNoTimelimited,6,2.034191790798851,-0.7384098048059486,1.119835639241418,-0.3629991076288664,Partial,Accept,NoTP
PartialtickNoTimelimited,7,1.9988721427157685,-0.44159204156168064,0.09685207966129035,-0.2209206042372032,Partial,Accept,NoTP
PartialtickNoTimelimited,8,2.184971960351663,-1.5785539522652539,0.4170490024797136,-0.7224595925758203,Partial,Accept,NoTP
PartialtickNoTimelimited,9,2.002309888031682,-0.654448199448605,0.14978961599411508,-0.3268466101877682,Partial,Accept,NoTP
PartialtickNoTimelimited,10,2.0640720414063805,-1.0590101446740805,0.18329006105148435,-0.5130684023763585,Partial,Accept,NoTP
PartialtickNoTimelimited,11,1.9998290727634238,-0.5145887485970656,-1.404525063781601,-0.257316365486172,Partial,Accept,NoTP
PartialtickNoTimelimited,12,2.1304922719766015,-1.6892801584937074,0.6225735225410793,-0.7929060249190428,Partial,Accept,NoTP
PartialtickNoTimelimited,13,1.9874761657624984,-0.561443343769947,0.3518180402072005,-0.2824906046380427,Partial,Accept,NoTP
PartialtickNoTimelimited,14,1.9571084438530886,-1.2445448168210977,0.5108685370374094,-0.6359099929950127,Partial,Accept,NoTP
PartialtickNoTimelimited,15,2.075528304210043,-0.778569725146652,0.44622137536954054,-0.37511881845570866,Partial,Accept,NoTP
PartialtickNoTimelimited,16,2.0183366725012863,-0.938512611675985,1.1785576872164596,-0.464993092808894,Partial,Accept,NoTP
PartialtickNoTimelimited,17,2.0047442575599876,-0.7047356985243299,0.5253650023519455,-0.3515339654256335,Partial,Accept,NoTP
PartialtickNoTimelimited,18,1.980519811764177,-0.9140171713764368,-0.5820361593567671,-0.46150367491767863,Partial,Accept,NoTP
PartialtickNoTimelimited,19,2.0365631733589207,-0.6558512330791616,-0.33885817345293406,-0.3220382464234884,Partial,Accept,NoTP
PartialtickNoTimelimited,20,1.9833033610550794,-1.1114536697176998,-0.009780436054084978,-0.5604052771465217,Partial,Accept,NoTP
PartialtickNoTimelimited,21,1.9585347898341805,-0.28746468295149613,-0.7457714410822459,-0.14677537741151606,Partial,Accept,NoTP
PartialtickNoTimelimited,22,2.041465567075317,-1.5288122751421256,0.2655829703297861,-0.7488797752941586,Partial,Accept,NoTP
PartialtickNoTimelimited,23,2.14549186780818,-1.455667260911799,0.3386022646202175,-0.6784771747463667,Partial,Accept,NoTP
PartialtickNoTimelimited,24,1.955560851344185,-0.5689340769908224,0.3533073967343111,-0.2909314105975055,Partial,Accept,NoTP
PartialtickNoTimelimited,25,2.0351063160549847,-0.4841993103079693,0.007686154773542186,-0.23792334901037532,Partial,Accept,NoTP
PartialtickNoTimelimited,26,2.0810439071768805,-0.6811519228854142,-0.14990281284248985,-0.3273126148546557,Partial,Accept,NoTP
PartialtickNoTimelimited,27,1.8776768331654758,-0.8615671128286109,0.08764312895646482,-0.45884738929016905,Partial,Accept,NoTP
PartialtickNoTimelimited,28,2.10099941772357,-0.6215751331444925,-0.23290257070333106,-0.2958473609754582,Partial,Accept,NoTP
PartialtickNoTimelimited,29,2.0469741030852524,-1.0983248162553532,0.30992346952908006,-0.5365601912598355,Partial,Accept,NoTP
PartialtickNoTimelimited,30,1.9788024511624578,-0.9444416971612428,0.4385207571043943,-0.47727942554671166,Partial,Accept,NoTP
PartialtickNoTimelimited,31,1.9723018234429994,-1.1970055697264295,-0.11684694479634121,-0.6069079060307544,Partial,Accept,NoTP
PartialtickNoTimelimited,32,2.0205924549731726,-0.3244366362390166,-0.012367707012440086,-0.16056510328963103,Partial,Accept,NoTP
PartialtickNoTimelimited,33,2.0515901996411485,-0.5353993066713305,0.37321285642774216,-0.26096795878873824,Partial,Accept,NoTP
PartialtickNoTimelimited,34,1.9835289342941465,-0.3723055869137217,-0.03411662747417596,-0.18769859137255762,Partial,Accept,NoTP
PartialtickNoTimelimited,35,2.0700363224233946,-1.7635445374870167,0.7088732569045836,-0.8519389338165972,Partial,Accept,NoTP
PartialtickNoTimelimited,36,2.078201416414756,-0.7044442041446654,0.05431352040217052,-0.33896820518963416,Partial,Accept,NoTP
PartialtickNoTimelimited,37,1.946614510135253,-1.1731943264613425,0.3007661354163875,-0.6026844659551148,Partial,Accept,NoTP
PartialtickNoTimelimited,38,1.917162136221596,-1.3389354765152433,0.18249467394671404,-0.6983944921601987,Partial,Accept,NoTP
PartialtickNoTimelimited,39,2.048248748062817,-0.797801770853286,-0.14788207760623628,-0.3895043371113138,Partial,Accept,NoTP
PartialtickNoTimelimited,40,2.0533083926770836,-0.649879079986408,-0.0020729341767696547,-0.3165033963257229,Partial,Accept,NoTP
PartialtickNoTimelimited,41,1.9788177879456927,-0.8124987391535766,-0.04656973692456854,-0.4105980571344425,Partial,Accept,NoTP
PartialtickNoTimelimited,42,2.1104554780204747,-1.861984325728541,0.8072280576292749,-0.8822665747372268,Partial,Accept,NoTP
PartialtickNoTimelimited,43,2.1342477768196404,-1.2420072343404895,0.07096785740134565,-0.5819414445830056,Partial,Accept,NoTP
PartialtickNoTimelimited,44,1.9987494191442183,-0.8685715807359511,-0.05482072451073156,-0.43455751502248713,Partial,Accept,NoTP
PartialtickNoTimelimited,45,2.1091847442703067,-0.47049814461006284,0.7857497471225482,-0.22307109222565344,Partial,Accept,NoTP
PartialtickNoTimelimited,46,1.9637994971699313,-0.221906657318588,0.22838023833113663,-0.11299863231372749,Partial,Accept,NoTP
PartialtickNoTimelimited,47,1.9973213109674735,-0.9402896473154939,0.16638512701923797,-0.47077535404658116,Partial,Accept,NoTP
PartialtickNoTimelimited,48,2.062789133496369,-1.262581331840482,0.5728196551890165,-0.6120748414552885,Partial,Accept,NoTP
PartialtickNoTimelimited,49,2.1639860532536535,-1.700407495496592,0.47424038002119556,-0.7857756259288041,Partial,Accept,NoTP
PartialtickNoTimelimited,50,1.981124370818617,-0.9856812026646251,0.1685374762954983,-0.4975362562711464,Partial,Accept,NoTP
PartialtickNoTimelimited,51,1.971403740121564,0.5060180086155928,-0.11785506303224176,0.25667903449568874,Partial,Accept,NoTP
PartialtickNoTimelimited,52,2.0092911076751108,-1.0163962755959859,0.1837078153985778,-0.5058481927847811,Partial,Accept,NoTP
PartialtickNoTimelimited,53,1.9008106821324777,-1.5537621281223954,-0.6141742944048654,-0.8174207682688651,Partial,Accept,NoTP
PartialtickNoTimelimited,54,2.1619516591080115,0.40078879456107,-0.38886706828960926,0.18538286592699738,Partial,Accept,NoTP
PartialtickNoTimelimited,55,2.0439159407253227,-1.1240163069925928,0.7552639346869757,-0.5499327465461785,Partial,Accept,NoTP
PartialtickNoTimelimited,56,1.9181687031633974,-1.8601665614522367,0.8457946966695565,-0.9697617098978286,Partial,Accept,NoTP
PartialtickTimelimited,1,2.0326575187086813,-0.9324383990665844,0.1346432284008243,-0.4587287285164249,Partial,Accept,TP
PartialtickTimelimited,2,1.6478357122974054,-0.4268498423818789,-0.10640185940249043,-0.25903664982886354,Partial,Accept,TP
PartialtickTimelimited,3,2.056748137203225,-0.7204852976303379,-0.07266740227799187,-0.35030312394499447,Partial,Accept,TP
PartialtickTimelimited,4,2.107500001721542,-1.3217296458405867,0.44188105854252524,-0.6271552288308008,Partial,Accept,TP
PartialtickTimelimited,5,2.233688106055048,-1.367015562153076,0.43511798062091517,-0.6119993021619226,Partial,Accept,TP
PartialtickTimelimited,6,1.9473367908717838,-0.397291991286399,0.6817686443387422,-0.20401812010573647,Partial,Accept,TP
PartialtickTimelimited,7,1.7223750882075624,-0.4970491780724042,0.2601993731273274,-0.28858358523384836,Partial,Accept,TP
PartialtickTimelimited,8,1.8920068783868327,-0.7137150347219067,0.8258062228712836,-0.377226448209552,Partial,Accept,TP
PartialtickTimelimited,9,2.0453523276235597,-0.8795273798463618,0.28962648369150085,-0.43001265257231314,Partial,Accept,TP
PartialtickTimelimited,10,2.0552111923598257,-0.9022601658104129,0.6765405118828453,-0.4390109246020715,Partial,Accept,TP
PartialtickTimelimited,11,1.9383034098903384,-0.7147995543519123,-0.9946864505843503,-0.3687758844691672,Partial,Accept,TP
PartialtickTimelimited,12,2.1548858903523325,-0.9499565896889163,0.053486696804766705,-0.4408384657127225,Partial,Accept,TP
PartialtickTimelimited,13,1.8842757468545472,-0.8872100704344227,0.8113005641370307,-0.47084938174014984,Partial,Accept,TP
PartialtickTimelimited,14,2.0886234007092117,-1.0794397654331802,1.043094446229776,-0.5168187644870044,Partial,Accept,TP
PartialtickTimelimited,15,1.7731253014071273,-0.6252813389548768,0.776820616070546,-0.3526436278691993,Partial,Accept,TP
PartialtickTimelimited,16,1.5519459807069698,-1.2975202771733918,0.7194347913509056,-0.8360602065429639,Partial,Accept,TP
PartialtickTimelimited,17,1.7769257109472496,-0.8146628080478011,-0.48595076333137377,-0.4584675673433291,Partial,Accept,TP
PartialtickTimelimited,18,1.9866369134400883,-1.051295776904709,0.20008898911548784,-0.5291836519257415,Partial,Accept,TP
PartialtickTimelimited,19,2.1613757239661955,-0.6022506110259137,0.5235838988437167,-0.2786422574973518,Partial,Accept,TP
PartialtickTimelimited,20,1.9972536192178105,-0.9607656951314177,-0.21218618226773595,-0.4810434117564322,Partial,Accept,TP
PartialtickTimelimited,21,1.7919166149425558,-0.5796063021766757,-0.17102766935352,-0.3234560678456885,Partial,Accept,TP
PartialtickTimelimited,22,2.265353241053887,-1.4272189089237757,0.6360850287205083,-0.6300204679159906,Partial,Accept,TP
PartialtickTimelimited,23,2.107664202633446,-0.5849135386572065,0.45166902040057444,-0.27751742328136497,Partial,Accept,TP
PartialtickTimelimited,24,2.045021296664587,-1.0461760349202582,0.036555867572940735,-0.5115721956668925,Partial,Accept,TP
PartialtickTimelimited,25,1.9219310276117814,-0.6324737284597989,0.027637672734510548,-0.32908242771111285,Partial,Accept,TP
PartialtickTimelimited,26,2.190405164329767,-0.6605078546998712,0.1265911714172048,-0.3015459721589806,Partial,Accept,TP
PartialtickTimelimited,27,1.9715298582418073,-0.8942345934087017,0.41760758459324326,-0.45357395408973017,Partial,Accept,TP
PartialtickTimelimited,28,1.9445946188030847,-1.1142852755282737,0.4016372907071046,-0.5730167433118406,Partial,Accept,TP
PartialtickTimelimited,29,1.8128799006645169,-1.1063489104762765,0.21144296200515147,-0.6102714857563045,Partial,Accept,TP
PartialtickTimelimited,30,2.034139633991396,-0.9990036105265679,-0.6156173680736774,-0.49111850230572396,Partial,Accept,TP
PartialtickTimelimited,31,2.0827025157977563,-1.235857181818735,0.6099481231509601,-0.5933911216049755,Partial,Accept,TP
PartialtickTimelimited,32,1.9264011150693392,-0.8947431347452454,0.46272537230964766,-0.46446356770980163,Partial,Accept,TP
PartialtickTimelimited,33,1.6382328551786243,-1.1315122464537726,0.20475593749543755,-0.6906907298782007,Partial,Accept,TP
PartialtickTimelimited,34,2.123192024397019,-0.7850247919259278,-0.20505711122502326,-0.369738009047426,Partial,Accept,TP
PartialtickTimelimited,35,2.256861360047516,-1.3621829149001017,0.6708937187384744,-0.6035740338393769,Partial,Accept,TP
PartialtickTimelimited,36,2.0411359562398173,-1.042760022606872,0.41293053754253545,-0.5108723989791673,Partial,Accept,TP
PartialtickTimelimited,37,1.9751175819838185,-1.1025070590664718,-0.005678652745541294,-0.5581981898814895,Partial,Accept,TP
PartialtickTimelimited,38,1.9481649708111854,-1.218906802436466,0.8092068812100721,-0.6256691916234035,Partial,Accept,TP
PartialtickTimelimited,39,2.0490088957028023,-0.9514790523607535,0.09666469849123815,-0.4643606254497981,Partial,Accept,TP
PartialtickTimelimited,40,1.7287878387924038,-0.46579235351004705,0.42370950170231086,-0.2694329188684097,Partial,Accept,TP
PartialtickTimelimited,41,1.9445865755472904,-0.6785034977183564,0.22889562469303867,-0.34891915137663454,Partial,Accept,TP
PartialtickTimelimited,42,1.7761222487334687,-1.5791533407985452,0.45982912846253293,-0.889101716914261,Partial,Accept,TP
PartialtickTimelimited,43,2.00240466222828,-0.9841260213717169,0.4392907562698283,-0.4914720984901121,Partial,Accept,TP
PartialtickTimelimited,44,2.2236019401119704,-1.2924263393936855,0.509084070592526,-0.5812309820743387,Partial,Accept,TP
PartialtickTimelimited,45,2.0650104908518143,-0.7229740627121792,0.10636012335716331,-0.35010672629268497,Partial,Accept,TP
PartialtickTimelimited,46,2.0956313127095276,-0.8976877417113472,0.1389019380272359,-0.4283614852799131,Partial,Accept,TP
PartialtickTimelimited,47,2.222159025028074,-1.3487505292048485,0.32837020782046544,-0.6069549991759968,Partial,Accept,TP
PartialtickTimelimited,48,1.9680899087739072,-1.2675981857882102,0.9247466293644265,-0.6440753443921199,Partial,Accept,TP
PartialtickTimelimited,49,2.2092848536046956,-1.2020081567401384,0.35323240398913247,-0.5440711526080159,Partial,Accept,TP
PartialtickTimelimited,50,1.9434176883544192,-0.8368406732895861,-0.2604478234118186,-0.43060258137208657,Partial,Accept,TP
PartialtickTimelimited,51,1.794819223499219,-1.3506381612907206,-0.6262865212184916,-0.7525204452944775,Partial,Accept,TP
PartialtickTimelimited,52,2.0664326829403965,-0.8389054490726683,0.861357707836859,-0.4059679543390504,Partial,Accept,TP
PartialtickTimelimited,53,1.6285647065676756,-1.1797398026133392,0.2610188359959864,-0.724404623197153,Partial,Accept,TP
PartialtickTimelimited,54,2.1723019373044967,-1.4418749186987667,0.6875746802110915,-0.6637543768376503,Partial,Accept,TP
PartialtickTimelimited,55,1.9159530689337188,-0.4975906218749728,0.18756161875878846,-0.2597091911817526,Partial,Accept,TP
PartialtickTimelimited,56,1.9903563170827223,-0.5914702085357951,0.04553063975797122,-0.2971680012565372,Partial,Accept,TP
